name,careers_url,industry,location,ats,ats_slug,open_jobs,checked_at
"InDrive","https://careers.indrive.com/","Транспорт, Райдшеринг","Более 45 стран, включая Казахстан, страны Латинской Америки, Африки и Азии","","","","2026-10-08"
"The Soul Publishing","https://www.jointhesoul.com/","Медиа, Цифровой контент","fully remote","","","","2026-10-08"
"ManyChat","https://careers.manychat.com/","Социальные сети, Мессенджеры","Испания (Барселона), Армения (Ереван), США (Остин), Бразилия (Сан-Паулу), Нидерланды (Амстердам)","ashby","manychat","16","2026-10-08"
"Airslate","https://www.airslate.com/careers","Программное обеспечение, Автоматизация документов","США, remote","lever","airslate","14","2026-10-08"
"Recraft","https://www.recraft.ai/careers","Искусственный интеллект, Дизайн","США (Сан-Франциско), remote","ashby","recraft","6","2026-10-08"
"Vivid","https://careers.vivid.money","Fintech","Германия, Нидерланды, Ирландия, remote","ashby","vivid","2","2026-10-08"
"Finom","https://careers.finom.co/","Fintech","Нидерланды, Кипр, remote","","","","2026-10-08"
"ProsmaLabs","(карьерный сайт не найден)","Программное обеспечение, Управление проектами","Информация о странах оперирования ограничена","","","","2026-10-08"
"KeyGo","https://www.linkedin.com/company/keygolimited/","Недвижимость, Проптех","Информация о странах оперирования ограничена","","","","2026-10-08"
"Replika","https://careers.replika.com/","Искусственный интеллект, Чат-боты","США (Сан-Франциско)","","","","2026-10-08"
"Plata","https://career.platacard.mx/","Fintech","Испания, Кипр, Мексика, Казахстан + remote со всего мира, кроме РФ и РБ","gh","platacard","175","2026-10-08"
"Dubformer","https://dubformer.notion.site/Dubformer-is-hiring-10a125bf243380a2abaacf5810abef5d","Искусственный интеллект, Медиа","Информация о странах оперирования ограничена","","","","2026-10-08"
"Placy","(карьерный сайт не найден)","Искусственный интеллект, Аналитика данных","Информация о странах оперирования ограничена","","","","2026-10-08"
"Exactly AI","https://exactly.ai/career","Искусственный интеллект, Дизайн","Информация о странах оперирования ограничена, удаленная работа","","","","2026-10-08"
"Intento","https://intento.com/careers/","Искусственный интеллект, Машинный перевод","США (Беркли), remote","rec","intento","1","2026-10-08"
"Teralytics","(карьерный сайт не найден)","Аналитика данных, Мобильность","Швейцария, США, Сингапур","","","","2026-10-08"
"Salmon","https://careers.salmon.ph/open-roles","Fintech","Филиппины, remote","","","","2026-10-08"
"Adapty","https://adapty.io/careers","Программное обеспечение, Мобильные приложения","США, удаленная работа","","","","2026-10-08"
"Miro","https://miro.com/careers/","Программное обеспечение, Совместная работа","США, Нидерланды, Германия, Австралия, Япония, Великобритания","ashby","miro","24","2026-10-08"
"Revolut","https://www.revolut.com/careers/","Fintech","Великобритания, Ирландия, США, Сингапур, Япония, Австралия и другие","","","","2026-10-08"
"Palta","https://palta.com/careers","Здоровье и фитнес, Мобильные приложения","Кипр, Польша, Великобритания, remote","","","","2026-10-08"
"Acronis","https://www.acronis.com/en-us/careers/","Кибербезопасность, Программное обеспечение","Швейцария, Сингапур, США, Болгария и другие","","","","2026-10-08"
"JetBrains","https://www.jetbrains.com/careers/","Программное обеспечение, Инструменты для разработчиков","Чехия, Германия, Нидерланды, США, Кипр","gh","jetbrains","61","2026-10-08"
"TradingView","https://www.tradingview.com/careers/","Финтех, Аналитика данных","Великобритания, США, remote","","","","2026-10-08"
"Semrush","https://careers.semrush.com/","Программное обеспечение, SEO и Digital Marketing","США, Чехия, Кипр, Польша, Армения","","","","2026-10-08"
"Wrike","https://www.wrike.com/careers/","Программное обеспечение, Управление проектами","США, Чехия, Ирландия, Кипр","gh","wrike","58","2026-10-08"
"Expload","(карьерный сайт не найден)","Блокчейн, Гейминг","Информация о странах оперирования ограничена","","","","2026-10-08"
"Flowwow","https://www.linkedin.com/company/flowwow/","Delivery","Budapest, HU Yeravan, AM Tbilisi, GE Dubai, AE London, GB Barcelona, ES Riga, LV Tashkent, UZ Bishkek, KG Prague, CZ New York, US Lisbon, PT","","","","2026-10-08"
"Yango","https://yango.com/career/vacancy?srsltid=AfmBOooCH6s4FyUw-6i3yhgjDcox1PE16u-WJ7wYrrId4tBp3dIDdsSA","","Израиль, много стран","","","","2026-10-08"
"VOXYS","https://voxys.ai/career/","","???","","","","2026-10-08"
"Playrix","https://playrix.com/job/open","Mobile Games","remote, except for Russia and Belarus","","","","2026-10-08"
"Nebius","https://nebius.com/careers","AI","Нидерланды, Израиль, Сербия, США","gh","nebius","370","2026-10-08"
"Lightspeed","https://www.lightspeedhq.com/careers/","POS","Грузия, Армения","ashby","lightspeed","6","2026-10-08"
"Tribute","https://jobs.ton.org/jobs?filter=eyJvcmdhbml6YXRpb24uaWQiOlsiNzIzMjk3Il19","","","","","","2026-10-08"
"Cheelee","https://cheelee.us (карьерного сайта нет)","","","","","","2026-10-08"
"Akvelon","https://akvelon.com/careers/","Software","fully remote","","","","2026-10-08"
"Unlimit","https://www.unlimit.com/en-gb/careers/","FinTech","","lever","unlimit","59","2026-10-08"
"joom","https://joom-group.breezy.hr/","e-commerce","remote, china, лисабон, бразилия (сан-пауло) и др","sr+wk","joom+joom","19","2026-10-08"
"KodLand","https://www.kodland.org/","edtech","remote, италии, польше, лат. америке, индонезии и англии; все удаленка","","","","2026-10-08"
"volka.com","volka.com","Mobile Games","кипр (релоцируют)","ashby","volka","10","2026-10-08"
"aidigital","https://www.aidigital.com/join-us","диджитал маркетинг","Сербия/Кипр или remote, много русскоязычных команд,","","","","2026-10-08"
"Aquiva Labs","https://aquivalabs.com/careers/","Программное обеспечение","","","","","2026-10-08"
"DDL","https://ddl.com","Fintech","Питер, Белград, remote","","","","2026-10-08"
"BrainRocket","https://www.brainrocket.com/career","Gambling (казино!)","Кипр, Испания, Португалия, Польша, Армения, Болгария и ещё несколько локаций, релокейтят, офис 5/2","","","","2026-10-08"
"Coinspaid","https://coinspaid.com/careers/","Fintech, Crypto","remote + Georgia","","","","2026-10-08"
"Smartcat","https://www.smartcat.com/careers/","Искусственный интеллект, Медиа","remote","","","","2026-10-08"
"WOTS","https://wots-tr.com","торговля+логистика","Turkey","","","","2026-10-08"
"Platinum list","https://apply.workable.com/platinum-list/","билеты на мероприятия","MENA","wk","platinum-list","6","2026-10-08"
"Praktika","https://praktika.teamtailor.com/","EdTech","remote, USA, UK","","","","2026-10-08"
"Taxdome","https://taxdome.com/en-gb/careers","Accounting","","","","","2026-10-08"
"Belka games","https://belka-games.com/careers/vacancy","Mobile Games","Cyprus, Georgia, Lithuania","","","","2026-10-08"
"The humanoid","https://thehumanoid.ai/careers/","Robotics","UK","","","","2026-10-08"
"Softswiss","https://careers.softswiss.com/vacancies/","Gambling (казино!)","remote, Georgia, Poland, Serbia, Malta","","","","2026-10-08"
"Homebuddy","https://www.homebuddy.com/careers","Home Improvement","fully remote","","","","2026-10-08"
"Group IB","https://www.group-ib.com/careers/","Cybersecurity","","gh","groupib","37","2026-10-08"
"Toloka (ex Yandex)","https://toloka.ai/careers","Ai","Netherlands","gh","toloka","17","2026-10-08"
"Orion Innovation (ex MERA)","https://www.orioninc.com/careers/jobs/","Разработка ПО","США, Сербия, Германия, Румыния, Турция, Израиль, Великобритания, Литва, Швейцария","gh","orioninnovation","56","2026-10-08"
"Exness","https://exness-careers.com/jobs/","Fintech","Кипр, Малайзия, Уругвай","","","","2026-10-08"
"Mapbox","https://www.mapbox.com/careers","Картографическая платформа для разработчиков и компаний","remote, Беларусь, Германия, Великобритания, Сингапур, Канада","ashby","mapbox","34","2026-10-08"
"Findev","https://fin.dev/career/open-positions","Fintech","remote, Кипр, Грузия, Польша, Сербия, США","","","","2026-10-08"
"Data-Driven lab","https://ddl.com/#vacancies","Fintech, edtech, analytics industries","remote, Сербия, Россия","","","","2026-10-08"
"RingCentral","https://ringcentral.wd1.myworkdayjobs.com/RingCentral_Careers/","Программное обеспечение","США, Испания (Валенсия), Болгария, Индия,","","","","2026-10-08"
"Emerging Travel Group (Островок)","https://www.emergingtravel.com/career/","Travel","remote, Италия, ОАЭ, Германия, ЮАР, США","","","","2026-10-08"
"Data Never Lies","(карьерный сайт не найден)","Программное обеспечение, аналитика, UX/UI дизайн","UK","","","","2026-10-08"
"Deel","https://www.deel.com/careers/open-roles/","Fintech","remote, Испания, Португалия, Польша, Великобритания, Эстония, Тунис, Восточная Африка, Ангола, Беларусь, Сербия, Италия, Греция, Кипр, Венгрия, Чехия, Латвия, Мальта, Косово, Молдова, Индия","","","","2026-10-08"
"EXANTE","https://careers.exante.eu/","Fintech","remote, Кипр, ОАЭ, Грузия, Казахстан, Сербия, Польша, Румыния, Гон-Конг, Великобритания, Бразилия, Мальта","","","","2026-10-08"
"Veeam","https://careers.veeam.com/","Программное обеспечение, управление данными","remote, Польша, Чехия, Румыния, США","","","","2026-10-08"
"KateMedia","(карьерный сайт не найден)","Программное обеспечение, ресторанный бизнес","remote, РФ, Великобритания, Швейцария","","","","2026-10-08"
"Flo","https://flo.health/careers","Здоровье","Великобритания, Польша, Литва","","","","2026-10-08"
"SEMA Software","https://www.sema-soft.com/en/company/careers","Программное обеспечение, 3D визуализация","Германия, Австрия, Швейцария","","","","2026-10-08"
"Sumsub","https://careers.sumsub.com/jobs","Программное обеспечение, all-in-one verification platform","remote, Великобритания, Кипр, Германия, США, Израиль, Сингапур, ОАЭ, Латвия","","","","2026-10-08"
"Mayflower","https://mayflower.work/vacancies","Adult (как онлик!)","remote, Кипр","rec","mayflower","54","2026-10-08"
"QIC Digital Hub","https://www.qic.digital/careers","Программное обеспечение, страхование жизни, мобильное приложение","remote, Катар, Египет, ОАЭ,","","","","2026-10-08"
"EBAC","https://ebac.gupy.io/","EdTech","Бразилия","","","","2026-10-08"
"Altegio","https://altegio.peopleforce.io/careers","Программное обеспечение, SaaS","Бразилия, Сербия","","","","2026-10-08"
"Whoosh","https://whoosh-bike.ru/job","Кикшеринг","РФ, Балрусь, Казахстан","","","","2026-10-08"
"Wonder Family","(карьерный сайт не найден)","e-commerce, консалтинг","РФ, США","","","","2026-10-08"
"C Teleport","https://cteleport.com/careers/","Программное обеспечение, SaaS, AI, Travel","remote, Нидерланды (Роттердам), Латвия (Рига)","","","","2026-10-08"
"Ecommpay","https://ecommpay.com/careers/","Fintech","remote, Кипр","","","","2026-10-08"
"LinkedHelper","(карьерный сайт не найден)","SaaS","remote, Кипр","","","","2026-10-08"
"Talentgrator","https://talentgrator.com/en/jobs/","Recruitment for iGaming","remote, Чехия (Прага)","sr","talentgrator","3","2026-10-08"
"Wert","https://wert-io.notion.site/Careers-at-Wert-3554f1e5631f425295f979ad9926a296","Fintech, Web3","remote","","","","2026-10-08"
"Wallet","https://top.co/careers?company=Wallet","Fintech, Web3","remote","","","","2026-10-08"
"Xometry (Europe)","https://xometry.eu/en/career/","B2B, e-commerce, MaaS","remote, EU, India","gh","xometry","227","2026-10-08"
"Americor","https://americor.com/careers/","Fintech","remote, USA","","","","2026-10-08"
"EMCD","https://www.careers-page.com/emcd#","Fintech, Crypto","remote, Грузия (Тбилиси), Казахстан (Алматы, Астана), Сербия (Белград), Польша (Вроцлав), ОАЭ (Дубай), Армения (Ереван), Аргентина (Буэнос-Айрес).","","","","2026-10-08"
"Archway.finance","(карьерный сайт не найден)","Crypto transfer","remote, USA","gh","archway","1","2026-10-08"
"TripleTen","https://www.comeet.com/jobs/tripleten/98.008","EdTech","remote, Узбекистан, США, Турция, Таджикистан, Испания, Сербия, Чехия, Пуэрто-Рико, Португалия, Польша, Филиппины, Перу, Нидерланды, Черногория, Мексика, Латвия, Кыргызстан, Израиль, Германия, Эстония, Кипр, Коста-Рика, Колумбия, Чили, Армения, Аргентина, ЮАР","","","","2026-10-08"
"Skyro","https://www.skyro.ph/vacancies","Fintech","remote, Казахстан, ОАЭ, Армения, Узбекистан, Грузия, Филиппины","","","","2026-10-08"
"Servers.com","https://servers-com.breezy.hr/","Bare Metal Servers, IaaS","remote, Сербия, Кипр, Словакия, Болгария, Нидерланды, Вьетнам","","","","2026-10-08"
"Social Discovery Group","https://socialdiscoverygroup.com/vacancies","Искусственный интеллект, Dating","remote, Грузия (Тбилиси), Сербия (Белград), Армения, Кипр, Польша, Турция, Португалия, Казахстан, Таиланд, Латвия, Франция, Великобритания","","","","2026-10-08"
"Aviasales","https://www.aviasales.com/about/vacancies","Travel-tech","remote, Таиланд, Грузия","","","","2026-10-08"
"Jet","https://jetshr.com/#/ru/vacancies","Кикшеринг","Казахстан, Грузия, Азербайджан, Узбекистан, Чили, Бразилия","","","","2026-10-08"
"G5 Games","https://jobs.g5.com/","GameDev","remote, Грузия, Армения, Казахстан, Черногория, Украина, Болгария, Кипр, Швеция, Мальта, США (Калифорния)","","","","2026-10-08"
"Visarun","(карьерный сайт не найден)","Искусственный интеллект, Разработка программного обеспечения","ОАЭ","","","","2026-10-08"
"Dodobrands","https://dodobrands.io/","QSR Tech","remote, ОАЭ, Казахстан","","","","2026-10-08"
"EPAM","https://www.epam.com/careers","Разработка программного обеспечения","remote, relocate, оч много стран","","","","2026-10-08"
"Spines","https://spines.com/career/","Искусственный интеллект, издательство","remote, Израиль, Аргентина, Мексика","","","","2026-10-08"
"Qase","https://wellfound.com/company/qase-1","Искусственный интеллект, Test Management Software","remote","","","","2026-10-08"
"Yolla","(карьерный сайт не найден, вакансии на линке)","Телекоммуникации","","","","","2026-10-08"
"Tabby","https://tabby.ai/en-AE/careers (но все вакансии на линке)","Fintech","remote, Португалия, Сербия, Армения, Болгария, ОАЭ, Саудовская Арабия, Египет","","","","2026-10-08"
"AIBY","https://aiby.com/careers/jobs/","AI Consumer Apps","remote","","","","2026-10-08"
"Cloudaware","(карьерный сайт не найден)","Программное обеспечение, SaaS","","","","","2026-10-08"
"Ex-IPONWEB (Criteo)","https://careers.criteo.com/en/","Commerce Media Platform","remote, Армения, Кипр, США, Великобритания, ОАЭ, Турция, Швеция, Испания, Сингапур, Румыния, Нидерланды, Япония, Израиль, Италия, Германия, Франция, Китай, Австралия","","","","2026-10-08"
"Planner5d","https://planner5d.com/careers","PropTech","remote, Казахстан, Нидерланды, Испания, Сербия, Кипр, Португалия, Латвия, Эстония, Грузия, Литва, Польша, Армения","","","","2026-10-08"
"Punto Pago","(карьерный сайт не найден, вакансии на линкедине)","Fintech","remote, Беларусь, Панама, Грузия,","","","","2026-10-08"
"Teleperformance","https://www.tp.com/en-us/careers/job-opportunities/?page=0","Digital Business Services","remote, Португалия, Испания, Швейцария, ЮАР, Польша,","rec","teleperformance","20","2026-10-08"
"Invest Engine","https://careers.investengine.com/jobs","FinTech","remote, Великобритания","","","","2026-10-08"
"Brickell Digital","https://www.brickelldigital.com/","Диджитал маркетинг","","","","","2026-10-08"
"Archaway Finance","https://archway.finance/","FinTech","Великобритания, Польща, Болгария","gh","archway","1","2026-10-08"
"Hirehire","(карьерный сайт не найден)","recruitment","","ashby","hirehire","5","2026-10-08"
"RubyLabs","https://rubylabs.com/careers/","D2C","remote, Венгрия, Словакия, Грузия, Словения, Украина, Турция, Сербия, Румыния, Польша, Черногория, Молдавия, Мальта, Литва, Латвия, Казахстан, Эстония, Чехия, Кипр, Хорватия, Болгария, Аргентина, Албания","","","","2026-10-08"
"Noda","https://join.noda.live/#jobs","FinTech, Open Banking","remote","","","","2026-10-08"
"Avride","https://www.avride.ai/careers","Autonomous Vehicle","США","gh","avride","76","2026-10-08"
"OpenVino","","","","","","","2026-10-08"
"Wargaming Group Limited","https://wargaming.com/en/careers/","GameDev","Сербия, Германия, Украина, Кипр, Чехия, Япония, Литва, Польша","","","","2026-10-08"
"Inktech","https://inktech.org/career","iGaming, FinTech","remote, Великобритания, Кипр, Грузия","","","","2026-10-08"
"Mundfish","https://mundfish.com/en/careers","GameDev","remote, Кипр, ОАЭ, Армения","","","","2026-10-08"
"Polden Publishing","(карьерный сайт не найден)","GameDev","Кипр","","","","2026-10-08"
"Critical reflex","https://www.criticalreflex.com/jobs","GameDev","remote","","","","2026-10-08"
"Ecwid","(карьерный сайт не найден)","E-commerce","","","","","2026-10-08"
"Everhour","https://everhour.com/about#careers","Разработка программного обеспечения, SaaS","remote, Кипр, Беларусь","","","","2026-10-08"
"Viber","https://www.viber.com/en/careers/","VoIP-связь","remote, Израиль, Великобритания, Польша, Манила, Беларусь, Грузия","","","","2026-10-08"
"Innowise","https://innowise.com/careers/","Разработка программного обеспечения","Грузия, Германия, Литва, Польша","","","","2026-10-08"
"Owlcat","https://owlcat.games/careers","GameDev","Кипр, Сербия, Армения, Польша","","","","2026-10-08"
"Prequel","https://prequel.global.huntflow.io/","B2B SaaS","remote, Черногория","","","","2026-10-08"
"RedTrack","(карьерный сайт не найден)","Performance Marketing Analytics","Кипр, Литва, Беларусь","","","","2026-10-08"
"Finstar","https://www.finstar.com/jobs/","Private Investment Group","Кипр, Сербия, ОАЭ","","","","2026-10-08"
"Larixon","https://careers.skailer.com/lc-hq","Classified advertising marketplaces","Larixon, Кипр","","","","2026-10-08"
"Leverx","https://career.leverx.com/vacancies","Разработка программного обеспечения","remote, Беларусь, США, Грузия, Казахстан, Узбекистан, Польша, Литва, Латвия, Болгария, Вьетнам, ОАЭ, Сербия, Германия, Азербайджан, Армения, Румыния, Албания, Турция, Черногория","","","","2026-10-08"
"Flipper","https://flipperdevices.com/jobs/","Hardware","remote, США","ashby","flipper","7","2026-10-08"
"Easybrain","https://easybrain.com/careers","","remote, Кипр, Польша, Беларусь","lever","easybrain","9","2026-10-08"
"Zinit","https://zinit.com/careers/","B2B Procurement","remote, Индия, Индонезия,","","","","2026-10-08"
"ReelPilot","https://reelpilot.co/","Permormance-marketing, AI","","","","","2026-10-08"
"Capital","https://careers.capital.com/","FinTech","remote, Великобритания, ОАЭ, Кипр, Болгария, Австралия, Польша","","","","2026-10-08"
"Binarly","(карьерный сайт не найден)","Firmware Security","remote, США","","","","2026-10-08"
"DBeaver","https://dbeaver.com/join-the-dbeaver-team/","Разработка программного обеспечения, Universal Database Tool","remote, Сербия, Венгрия","gh","dbeaver","8","2026-10-08"
"Apliteni","https://apliteni.com/#career","AdTech","remote","","","","2026-10-08"
"Luxoft","https://career.luxoft.com/jobs","ИТ-консалтинг и разработка программного обеспечения под заказ","remote + офис в Сербии","","","","2026-10-08"
"Muse Group","https://www.mu.se/vacancies","Разработка программного обеспечения для музыкантов","remote, Кипр, Нидерланды,","","","","2026-10-08"
"Freedom24","https://freedom24.com/careers","FinTech","remote, Кипр, Германия, Литва","","","","2026-10-08"
"Admiralmarkets","https://apply.workable.com/admirals/","FinTech","remote, Кипр, Эстония, Румыния, Болгария","","","","2026-10-08"
"Almanax Education","(карьерный сайт не найден)","Consalting + Education","remote, Великобритания, ОАЭ","","","","2026-10-08"
"All3","https://uk.linkedin.com/company/all3","сonstruction, robotics, software development, and ai","remote, Великобритания, Сербия, Германия, Италия","","","","2026-10-08"
"Autodoc","https://career.autodoc.group/en/","online retailers for vehicle parts and accessories","remote, Германия, Португалия, Бельгия, Чехия, Польша","","","","2026-10-08"
"Scale final","https://team.scalefinal.com/","Content-marketing, SEO, CRO","remote, Кипр, Польша","","","","2026-10-08"
"Paybis","https://paybis.com/uk/career/","FinTech","remote, Латвия, Польша, Великобритания","","","","2026-10-08"
"Warpoint","(карьерный сайт не найден)","Gamedev, network of virtual reality","РФ, ОАЭ, США, Германия, Испания, Турция, Казахстан","","","","2026-10-08"
"1Inch","https://www.linkedin.com/company/1inchcom/jobs","DEX Aggregator","remote, ОАЭ, Испания, Португалия, Венгрия, Великобритания","","","","2026-10-08"
"Bcraft","https://www.linkedin.com/company/bcraftglobal","Gambling (казино!)","remote, Сербия","","","","2026-10-08"
"Uzum","https://people.uzum.com/career/ru/vacancies","FinTech + E-com","remote, Узбекистан","","","","2026-10-08"
"Scalable Solutions","https://scalablesolutions.io/careers","Fintech Crypto","remote, Грузия","","","","2026-10-08"
"Andersen","https://people.andersenlab.com/vacancies","Разработка программного обеспечения","remote, Польша, Венгрия, Литва, Казахстан, Узбекистан, Грузия,","","","","2026-10-08"
"Libertex","https://apply.workable.com/libertexgroup/","Fintech Crypto","remote, Черногория","","","","2026-10-08"
"1010 trading","https://1010.trading","Fintech Crypto","remote, Германия","","","","2026-10-08"
"MarfaTech","https://marfa-tech.com/vacancy","Разработка программного обеспечения","remote","","","","2026-10-08"
